gdp,sex_ratio,surface_area,life_expectancy_male,unemployment,imports,homicide_rate,currency_code,currency_name,iso2,employment_services,employment_industry,urban_population_growth,secondary_school_enrollment_female,employment_agriculture,capital,co2_emissions,forested_area,tourists,exports,life_expectancy_female,post_secondary_enrollment_female,post_secondary_enrollment_male,primary_school_enrollment_female,infant_mortality,gdp_growth,threatened_species,population,urban_population,secondary_school_enrollment_male,name,pop_growth,region,pop_density,internet_users,gdp_per_capita,fertility,refugees,primary_school_enrollment_male,telephone_country_codes
173757,102.1,2381741,75.4,11.5,45140,1.4,DZD,Algerian Dinar,DZ,59.6,30.7,2.9,101.5,9.7,Algiers,130.5,0.8,2657,34571,77.8,64.4,38.8,107.3,21.2,1.4,155,43851,73.2,97.8,Algeria,2,Northern Africa,18.4,49,4114.7,3,99.5,112.4,
105902,97.9,1246700,57.8,6.8,21340,4.8,AOA,Kwanza,AO,41.7,8.1,4.7,39.7,50.2,Luanda,18,46.4,218,50822,63.4,8.5,10.2,105.9,61.5,-1.2,171,32866,66.2,61.8,Angola,3.3,Middle Africa,26.4,14.3,3437.3,5.6,70.1,121.1,
10412,99.8,114763,59.8,2,3967,1.1,XOF,"Cfa Franc, Bceao",BJ,42.9,19.1,4,50.7,38,Porto-Novo,6.8,38.2,295,1706,62.8,7.5,17,118,61.1,6.5,106,12123,47.9,67.1,Benin,2.7,Western Africa,107.5,20,906.5,4.9,1.6,125.8,
18615,93.9,582000,66,18.7,6559,15.2,BWP,Pula,BW,61.5,18.1,3.3,83.5,20.4,Gaborone,7.7,19.1,1623,5238,71.9,29.2,20.5,102.1,30.2,4.5,33,2352,70.2,76.4,Botswana,2.1,Southern Africa,4.1,47,8258.2,2.9,2.3,104.4,
16200,99.9,272967,60.1,6.4,5193,1.3,XOF,"Cfa Franc, Bceao",BF,41.4,33.9,5.2,40.7,24.7,Ouagadougou,NA,19.6,144,2927,61.6,4.8,8.2,95.3,54.2,6.8,36,20903,30,40.7,Burkina Faso,2.9,Western Africa,76.4,16,820.2,5.2,196.3,96.9,
3285,98.5,27830,59.2,1.4,792,6.1,BIF,Burundi Franc,BI,6.5,1.4,5.6,51.1,92,Gitega,NA,10.7,299,155,62.8,3.8,8.4,122.2,42.4,0.1,188,11891,13.4,45.8,Burundi,3.1,Eastern Africa,463,2.7,294,5.4,121.2,120.7,
1977,100.8,4033,69.2,12.3,941,6.8,CVE,Cabo Verde Escudo,CV,66.8,22.1,2,92.5,11.1,Praia,NA,22.3,710,76,75.9,28.3,19,100.5,16.9,5.1,119,556,66.2,83.9,Cape Verde,1.2,Western Africa,138,57.2,3635.4,2.3,0.1,107.5,
38694,100.1,475650,57.5,3.4,3262,1.4,XAF,"Cfa Franc, Beac",CM,42.1,15.1,3.8,55.4,42.9,Yaoundã,6.2,39.8,1081,1750,60,11.4,14.1,98,61.2,4.1,890,26546,57,64.6,Cameroon,2.6,Middle Africa,56.2,23.2,1534.5,4.6,1463.2,108.7,
2243,98.3,622984,50.5,3.7,89,20.1,XAF,"Cfa Franc, Beac",CF,17.5,5.4,1.1,13.8,77.1,Bangui,NA,35.6,107,324,54.9,1.6,4.4,89.4,81.9,4.3,73,4830,41.8,20.5,Central African Republic,1.4,Middle Africa,7.8,4.3,480.7,4.8,712.6,114.6,
11387,99.7,1284000,52.4,1.9,319,NA,XAF,"Cfa Franc, Beac",TD,21.6,2.1,3.8,14.2,76.3,N'djamena,NA,3.9,87,613,55.2,1.5,5,75.5,74.5,2.4,48,16426,23.3,30.9,Chad,3,Middle Africa,13,6.5,735.7,5.8,667.4,98.2,
1166,101.8,2235,62.3,4.4,201,NA,KMF,Comorian Franc,KM,37,13,2.7,61.4,49.9,Moroni,NA,19.9,36,49,65.8,8,9.9,99.4,53.1,3,127,870,29.2,57.6,Comoros,2.2,Eastern Africa,467.3,8.5,1400.5,4.2,0,99.6,
14173,99.8,342000,62.7,9.3,2242,NA,XAF,"Cfa Franc, Beac",CG,44.5,21.7,3.3,48.8,33.8,Brazzaville,2.8,65.4,156,5576,65.6,10.1,15.2,110.5,35.3,1,155,5518,67.4,56.3,Congo,2.6,Middle Africa,16.2,8.6,2702.6,4.4,189.8,102.8,
43028,101.7,322463,56.1,3.4,10483,NA,XOF,"Cfa Franc, Bceao",CI,47.3,13.4,3.4,44.3,39.3,Yamoussoukro,10.2,32.7,1965,12718,58.6,7.6,11.1,96,60.4,7.4,280,26378,51.2,57.7,Cote D'ivoire,2.5,Western Africa,83,46.8,1716.4,4.7,692.8,103.6,
13324,125.3,28052,57.3,6.5,3902,NA,XAF,"Cfa Franc, Beac",GQ,38.9,18.5,5.6,22.1,42.5,Malabo,NA,55.9,NA,3939,59.4,NA,NA,61.6,66.1,-4.7,205,1403,72.6,29.9,Equatorial Guinea,3.7,Middle Africa,50,26.2,10179.2,4.6,NA,62,
6855,100.5,117600,63.6,5.2,5677,NA,ERN,Nakfa,ER,30.7,8.5,3.6,45.4,60.8,Asmara,0.6,15,142,18,68,2.8,3.9,63.1,34.7,4.2,143,3546,40.7,49.9,Eritrea,1.2,Eastern Africa,35.1,1.3,1985.4,4.1,0.9,73.6,
4711,96.7,17363,55.2,22,1832,11.6,SZL,Lilangeni,SZ,64.2,23.5,2.6,82.2,12.3,Mbabane,NA,34.1,782,2002,63.9,6.6,7,110.3,41.4,2.4,41,1160,24,82.6,Swaziland,1,Southern Africa,67.5,47,4145.7,3,1.8,119.9,
80292,100.1,1104300,64.1,2.1,9675,8.8,ETB,Ethiopian Birr,ET,24,10.4,4.9,34.2,65.6,Addis Ababa,13.1,12.5,849,938,67.9,5.3,10.9,96.1,37,6.8,180,114964,21.2,35.6,Ethiopia,2.6,Eastern Africa,115,18.6,735.1,4.3,5444.5,105.8,
16994,103.7,267668,64,20.2,2548,NA,XAF,"Cfa Franc, Beac",GA,56.9,10.8,3.9,NA,32.4,Libreville,3.4,89.3,269,486,68.2,NA,NA,137.7,35.3,1.2,329,2226,89.7,NA,Gabon,2.7,Middle Africa,8.6,62,8018.8,4,0.7,142.1,
1633,98.4,11295,60.2,9.1,494,NA,GMD,Dalasi,GM,57.7,15.8,4.4,49.1,26.6,Banjul,NA,48.2,552,25,63,2.2,3.2,102.5,44.8,6.5,87,2417,61.9,51.2,Gambia,2.9,Western Africa,238.8,19.8,716.1,5.2,4.4,93.6,
65535,102.8,238537,62.6,4.5,10440,2.1,GHS,Ghana Cedi,GH,49.4,22.2,3.6,64.5,28.5,Accra,13.8,41,897,16768,64.7,13.6,17.7,105.6,35.6,6.3,255,31073,56.7,64.6,Ghana,2.2,Western Africa,136.6,39,2201.6,3.9,13.4,104.1,
11640,93.7,245857,60.3,4.3,2032,NA,GNF,Guinean Franc,GN,32.5,6.2,3.1,31,61.3,Conakry,NA,25.9,99,2384,61.5,7,16.2,82.4,51.6,5.8,365,13133,36.5,47.5,Guinea,2.8,Western Africa,53.4,18,937.6,4.7,6.4,100.5,
1459,95.8,36125,55.8,2.5,188,1.1,XOF,"Cfa Franc, Bceao",GW,25.2,7,3.6,NA,67.8,Bissau,NA,70.1,45,3731,59.7,NA,NA,114.5,57.1,3.8,92,1968,43.8,NA,Guinea-Bissau,2.5,Western Africa,70,3.9,778.4,4.5,1.9,122.9,
87906,98.8,591958,63.8,2.6,19845,4.9,KES,Kenyan Shilling,KE,38.7,7.4,4.4,53.7,53.8,Nairobi,16.3,7.8,1364,6526,68.5,9.7,13.2,103.4,36.3,6.3,549,53771,27.5,59.9,Kenya,2.3,Eastern Africa,94.5,17.8,1710.5,3.5,492.5,103,
2631,97.4,30355,50.4,22.8,1171,43.6,LSL,Loti,LS,49.6,41.9,2.9,71.3,8.4,Maseru,NA,1.6,1173,345,56.8,12.4,8,117.8,62.3,1.2,19,2142,28.6,52.8,Lesotho,0.8,Southern Africa,70.6,29,1248,3.2,0.1,124.1,
2122,101.1,111369,62.2,2.7,345,3.3,LRD,Liberian Dollar,LR,46.9,10.1,3.4,32.9,43,Monrovia,NA,43.4,NA,841,65,9.2,14.7,84.7,54.1,1.2,218,5058,51.6,42.8,Liberia,2.5,Western Africa,52.5,8,440.3,4.4,8.8,85.5,
13851,99.6,587295,64.9,1.8,3603,NA,MGA,Malagasy Ariary,MG,27.1,9.1,4.7,37.1,63.8,Antananarivo,NA,21.4,291,2689,68.1,5.2,5.5,143.1,29,4.6,2910,27691,37.9,36,Madagascar,2.7,Eastern Africa,47.6,9.8,527.4,4.1,0.2,142,
7196,97.3,118484,60.3,5.7,360,1.8,MWK,Malawi Kwacha,MW,43,13.8,3.9,39.9,43.2,Lilongwe,NA,33.4,871,819,66.6,0.6,1,143.1,41.3,4,130,19130,17.2,40.6,Malawi,2.7,Eastern Africa,202.9,13.8,396.6,4.2,39.3,141.8,
17172,100.4,1240192,58,7.3,8277,NA,XOF,"Cfa Franc, Bceao",ML,30.2,7.6,5,37,62.3,Bamako,NA,3.9,193,879,59.5,2.7,6.3,71.6,65.8,6.7,62,20251,43.1,45,Mali,3,Western Africa,16.6,13,900.1,5.9,182.9,79.5,
7620,100.9,1030700,63,9.6,3525,NA,MRU,Ouguiya,MR,36.3,13.1,4.8,37.1,50.6,Nouakchott,NA,0.2,NA,2301,66.2,3.3,6.6,102.8,53.4,3.6,94,4650,54.5,36.5,Mauritania,2.8,Western Africa,4.5,20.8,1730.4,4.6,87.3,97.1,
14717,94.5,799380,57,3.2,8270,3.5,MZN,Mozambique Metical,MZ,21.5,8.6,4.5,33.4,69.9,Maputo,7.6,48.2,2743,5878,62.8,6.5,8.1,108.4,53.9,3.4,426,31255,36.5,37.4,Mozambique,2.9,Eastern Africa,39.7,10,498.9,4.9,25.1,116.8,
14519,94.1,824116,60,20.6,8086,17.7,NAD,Namibia Dollar,NA,61.8,16.4,4.6,70,21.8,Windhoek,4,8.4,1499,6258,65.8,30.3,15.3,122.1,33.4,-0.1,117,2541,51,61.5,Namibia,1.9,Southern Africa,3.1,51,5930.1,3.4,4.3,126.4,
421821,102.8,923768,53.3,8,72765,34.5,NGN,Naira,NG,53.1,12.2,4.6,39.8,34.7,Abuja,86,7.7,1889,79964,55.1,8.3,12,82.2,62.1,1.9,380,206140,51.2,44.1,Nigeria,2.6,Western Africa,226.3,42,2153.5,5.4,2211.1,87.2,
421821,102.8,923768,53.3,8,72765,34.5,NGN,Naira,NG,53.1,12.2,4.6,39.8,34.7,Abuja,86,7.7,1889,79964,55.1,8.3,12,82.2,62.1,1.9,380,206140,51.2,44.1,Nigeria,2.6,Western Africa,226.3,42,2153.5,5.4,2211.1,87.2,
9510,96.7,26338,66.3,1,3214,2.6,RWF,Rwanda Franc,RW,29.2,9.1,2.6,43.3,61.7,Kigali,NA,19.5,932,992,70.5,6,7.5,132.1,29.2,8.6,168,12952,17.3,38.5,Rwanda,2.6,Eastern Africa,525,21.8,773,4.1,150.1,134,
411,100.2,964,67.7,13.7,165,3.3,STN,Dobra,ST,62.9,18.4,3.8,95.9,18.7,Sao Tome,NA,55.8,33,14,72.4,13.7,13.1,105,26.4,2.2,108,219,73.6,82.9,Sao Tome And Principe,1.9,Middle Africa,228.3,29.9,1948.1,4.4,NA,108.5,
23809,95.3,196712,65.3,6.7,8143,0.3,XOF,"Cfa Franc, Bceao",SN,56.9,13.6,3.9,45.7,29.4,Dakar,8.3,43,1365,4175,69.4,10.3,15.2,86.1,32.7,6.8,145,16744,47.7,41.7,Senegal,2.8,Western Africa,87,46,1501.7,4.6,16.2,75.9,
1590,105.3,457,69.8,4.1,1438,12.5,SCR,Seychelles Rupee,SC,78.2,17.9,1.3,84.2,3.6,Victoria,NA,88.4,362,824,77.3,23.3,11.2,103.3,10.9,7.9,451,98,57.1,78.8,Seychelles,0.7,Eastern Africa,213.8,58.8,16377.9,2.5,0,97.6,
4101,99.6,72300,53.2,4.4,741,1.7,SLL,Leone,SL,39.1,6.5,3.3,41.1,54.4,Freetown,NA,42.2,57,44,54.8,NA,NA,114.7,80.8,4.6,236,7977,42.5,42.5,Sierra Leone,2.1,Western Africa,110.5,9,536.1,4.3,0.4,110.8,
368094,97.1,1221037,60.2,28.5,88037,36.4,ZAR,Rand,ZA,72.3,22.7,2.2,109,5,Pretoria,421.7,7.6,10472,89396,67.1,26.4,18.4,99.1,27.2,0.8,597,59309,66.9,100.4,South Africa,1.4,Southern Africa,48.9,56.2,6369.2,2.4,273.5,102.6,
8207,100.2,658841,56,12.3,1238,14.9,SSP,S. Sudanese Pound,SS,29.7,14.1,4.4,7.7,56.1,Juba,1.5,NA,NA,1091,58.9,NA,NA,60.4,64.4,3.4,61,11194,19.9,14.3,South Sudan,0.9,Eastern Africa,18.3,8,747.7,4.7,2189.6,85.3,
5165,99,56785,59.7,2,1844,NA,XOF,"Cfa Franc, Bceao",TG,49.9,12.9,4,52.1,37.2,Lomã,2.1,3.5,573,917,61.4,9.8,19.2,121.5,49.7,4.9,94,8279,42.2,71.6,Togo,2.5,Western Africa,152.2,12.4,654.8,4.4,13,126,
30098,97.2,241550,60.4,1.9,7686,10.5,UGX,Uganda Shilling,UG,20.9,6.6,6,21.8,72.4,Kampala,NA,10.4,1402,3597,65,4.1,5.6,104.1,46.1,8.9,266,45741,24.4,27.5,Uganda,3.6,Eastern Africa,228.9,23.7,704.4,5,2445.8,101.3,
57145,99.9,947303,63,2,9434,6.5,TZS,Tanzanian Shilling,TZ,28.3,6.8,5.5,30.1,64.9,Dodoma,10.1,52,1378,4414,66.6,2.8,5.2,95.4,41.2,7,1259,59734,34.5,28.8,"Tanzania, United Republic Of",3,Eastern Africa,67.4,25,1044.1,4.9,320.3,93,
27283,98.1,752612,60.3,11.4,7221,5.4,ZMW,Zambian Kwacha,ZM,40.7,10.8,4.3,NA,48.5,Lusaka,6,65.4,1072,7029,66.2,3.5,4.8,99.9,45.6,4.1,107,18384,44.1,NA,Zambia,2.9,Eastern Africa,24.7,14.3,1572.3,4.7,81.8,97.5,
24312,91.3,390757,59.2,5,4787,7.5,ZWL,Zimbabwe Dollar,ZW,27.2,6.5,1.8,51.3,66.3,Harare,9.7,36.4,2580,4279,62.2,9.2,10.9,108.7,38.7,4.8,122,14863,32.2,53.5,Zimbabwe,1.5,Eastern Africa,38.4,27.1,1683.8,3.6,20.8,111.1,
1611,93.3,442,75.7,NA,568,11.1,XCD,E. Caribbean Dollar,AG,81.6,15.6,0.1,109.1,2.8,Saint John's,NA,22.3,269,37,77.9,34.3,15.3,104.6,5.2,7.4,61,98,24.5,113.3,Antigua And Barbuda,0.9,Caribbean,222.6,76,16727,2,0.2,105.4,
518475,95.3,2780400,73,10.4,49125,5.3,ARS,Argentine Peso,AR,78.9,21,1.2,111,0.1,Buenos Aires,183.4,9.9,6942,65114,79.8,112.8,67.8,109.6,10.2,-2.5,285,45196,92,106.5,Argentina,1,South America,16.5,74.3,11687.6,2.3,165.6,109.9,
12424,94.5,13940,71.5,11.3,4087,32,BSD,Bahamian Dollar,BS,83.9,14,1.5,71.6,2.1,Nassau,NA,51.4,1633,494,75.9,NA,NA,81.2,5.9,1.6,96,393,83.1,67.3,Bahamas,1,Caribbean,39.3,85,32218.1,1.8,0,81.6,
5087,93.8,431,77.6,10.9,1618,9.8,BBD,Barbados Dollar,BB,78.5,18.9,-0.1,105.8,2.6,Bridgetown,NA,14.7,680,462,80.4,90.6,40.3,97.5,10,-0.4,62,287,31.2,101.8,Barbados,0.1,Caribbean,668.3,81.8,17745.9,1.6,0,101.2,
1871,98.9,22966,71.4,6.4,986,37.8,BZD,Belize Dollar,BZ,67.7,15.7,2.3,87.1,16.6,Belmopan,NA,59.9,489,245,77.6,30.5,18.8,108.7,12.8,2.1,143,398,45.9,83.7,Belize,1.9,Central America,17.4,47.1,4884.7,2.3,6.5,114.6,
1868613,96.6,8515767,71.9,12,177348,27.4,BRL,Brazilian Real,BR,71.3,19.6,1.2,102.4,9.1,Brasilia,427.6,59,6621,225383,79.3,59.4,43.5,113.4,13,1.1,1078,212559,86.8,99.3,Brazil,0.8,South America,25.4,70.4,8920.7,1.7,271.6,117.4,
1712562,98.5,9984670,80.2,5.4,453234,1.8,CAD,Canadian Dollar,CA,79.2,19.4,1.1,114.5,1.4,Ottawa,547.8,38.7,21134,446148,84.2,79.3,59.1,100.8,4.5,1.9,173,37742,81.5,113,Canada,0.9,Northern America,4.2,91,46192.4,1.5,189.8,101.1,
298231,97.3,756102,77.4,7.1,69591,4.4,CLP,Chilean Peso,CL,69.2,22,1,102,8.8,Santiago,86.1,23.9,5723,69681,82.3,94.7,82.5,99.9,6.7,4,240,19116,87.6,101.6,Chile,1.2,South America,25.7,82.3,15923.4,1.6,385.5,102.9,
330228,96.5,1141748,74.2,9.7,52696,25.3,COP,Colombian Peso,CO,63.5,20,1.4,100.1,16.5,Bogota,75.3,52.7,3904,39489,79.8,59.7,51.1,112.8,12.6,2.7,1025,50883,81.1,95,Colombia,1.4,South America,45.9,64.1,6649.6,1.8,9717.2,116.2,
60126,99.8,51100,77.4,12.7,16106,11.3,CRC,Costa Rican Colon,CR,68.3,19.8,2.5,137.7,11.9,San Josã,7.6,54,3017,11449,82.7,60.7,50,113.8,7.3,2.7,363,5094,80.1,128.1,Costa Rica,1,Central America,99.8,74.1,12026.5,1.8,79.2,112.8,
100023,98.6,109884,76.7,1.6,7498,5,CUP,Cuban Peso,CU,65.9,16.8,0.3,101.9,17.3,Havana,26.2,30.8,4684,828,80.7,51,32.3,99.6,4.5,2.2,357,11327,77.1,100.4,Cuba,0,Caribbean,106.4,57.1,8821.8,1.6,0.3,104.1,
551,103,750,73.8,NA,304,26.6,XCD,E. Caribbean Dollar,DM,NA,NA,0.9,93.8,NA,Roseau,NA,57.8,63,18,78.2,NA,NA,113.2,NA,2.3,74,75,70.8,94.7,Dominica,0.5,Caribbean,100.1,69.6,7691.3,NA,NA,116.2,
81299,99.8,48671,70.7,5.9,20599,10,DOP,Dominican Peso,DO,71.3,19.9,2.5,83,8.8,Santo Domingo,21.4,41,6569,11117,77.1,77,43,102.5,25.9,7,203,10848,81.8,77,Dominican Republic,1.1,Caribbean,224.5,74.8,7650.1,2.4,28.9,108.8,
108398,100.1,257217,74,4.2,22425,5.8,USD,Us Dollar,EC,52.5,18.2,1.8,102.8,29.4,Quito,34.3,50.5,2535,22245,79.6,48.4,41.5,104.1,13.6,1.4,2501,17643,64,100.1,Ecuador,1.7,South America,71,57.3,6344.9,2.4,420.5,102.4,
26057,88,21041,68.1,4.2,12018,52,USD,Us Dollar,SV,62,22.1,1.7,71.4,16,San Salvador,5.7,12.8,1677,5943,77.5,31.1,27.5,93.3,14.6,2.5,107,6486,72.7,71.9,El Salvador,0.5,Central America,313,33.8,4058.2,2.1,75.3,96.3,
1169,101.5,345,70.1,NA,470,10.8,XCD,E. Caribbean Dollar,GD,NA,NA,0.5,122.1,NA,Saint George's,NA,50,185,32,75,116.2,93.2,106,15,4.1,60,112,36.4,118.2,Grenada,0.5,Caribbean,331,59.1,10485.9,2.1,0,107.7,
78461,97.1,108889,71,2.5,19871,22.5,GTQ,Quetzal,GT,50.3,18.4,2.7,51.4,31.3,Guatemala City,15.7,33,1781,11289,76.8,23.6,20,100.5,20.7,3.1,352,17916,51.4,54,Guatemala,1.9,Central America,167.2,65,4549,2.9,146.8,103.2,
3818,101.2,214969,66.7,11.8,3467,14.2,GYD,Guyana Dollar,GY,60.3,22.9,0.4,99.2,16.8,Georgetown,NA,84,287,1405,72.9,15.4,7.8,96,26.8,3.4,122,787,26.7,96.3,Guyana,0.5,South America,4,37.3,4900.8,2.5,36.5,99.6,
9287,97.4,27750,61.4,13.9,3118,6.7,HTG,Gourde,HT,65,6.6,3.3,NA,28.3,Port-Au-Prince,3.3,3.5,447,746,65.7,NA,NA,NA,54.3,1.5,269,11402,56.2,NA,Haiti,1.3,Caribbean,413.7,32.5,834.9,3,3,NA,
23970,99.9,112492,72.7,5.2,10059,38.9,HNL,Lempira,HN,50.2,19.7,3,55.9,30.1,Tegucigalpa,9.4,41,851,4161,77.3,30.3,22.2,91.5,15,3.7,342,9905,57.7,48.6,Honduras,1.7,Central America,88.5,31.7,2500.1,2.5,251.6,91.6,
15714,98.5,10990,72.8,8,6339,43.9,JMD,Jamaican Dollar,JM,68.1,16.2,0.8,83.6,15.7,Kingston,7,31,2473,1586,75.9,34.7,19.9,88.9,11.8,1.9,323,2961,56,81,Jamaica,0.5,Caribbean,273.4,55.1,5354.3,2,0,93,
1223401,95.8,1964375,72.1,3.6,467293,29.1,MXN,Mexican Peso,MX,61.4,26.2,1.8,108.2,12.4,Mexico City,446,34,41313,472273,77.8,40.6,39.8,106,13.5,2,1656,128933,80.4,100.7,Mexico,1.1,Central America,66.3,65.8,9694.9,2.1,302.1,105.5,
13118,97.2,130373,70.6,7.4,8426,7.2,NIO,Cordoba Oro,NI,53.8,15.6,1.5,78,30.6,Managua,5.1,25.9,1256,3998,77.7,NA,NA,120.1,16.8,-3.8,161,6625,58.8,69.1,Nicaragua,1.2,Central America,55,27.9,2028.9,2.4,0.8,121.1,
65055,100.2,75320,75.1,3.8,12836,9.4,PAB,Balboa,PA,67.5,18.8,2.2,78.3,13.7,Panama City,9.6,62.3,1785,713,81.5,58.6,37.3,93.4,14.1,3.7,400,4315,68.1,74.1,Panama,1.7,Central America,58,57.9,15575.1,2.5,113.5,95.4,
40307,103.3,406752,72.1,4.8,12360,7.1,PYG,Guarani,PY,62.1,17.9,1.8,78.6,19.9,AsunciãN,7.7,38.6,1181,12425,76.2,40.9,28.6,103,19,4,67,7132,61.9,73.3,Paraguay,1.3,South America,18,65,5794.6,2.4,4.3,105.7,
222237,98.7,1285216,73.7,3.2,42376,7.9,PEN,Sol,PE,57.5,15.3,1.6,103.6,27.2,Lima,49.7,57.8,4419,46132,79.2,72.7,68.7,105.1,12.8,4,819,32972,78.1,109.3,Peru,1.6,South America,25.8,52.5,6947.3,2.3,860.1,108.8,
1011,97,261,NA,NA,338,36.1,XCD,E. Caribbean Dollar,KN,NA,NA,0.8,108.7,NA,Basseterre,NA,42.3,125,63,NA,115.9,57.7,107.1,NA,2.9,57,57,30.8,105.1,Saint Kitts And Nevis,0.9,Caribbean,218.5,80.7,19275.4,NA,0,110.4,
1922,97,539,74.7,20.2,598,21.4,XCD,E. Caribbean Dollar,LC,64.7,18.3,0.6,89.4,17,Castries,NA,33.3,395,55,77.4,18.7,9.4,103.2,12.5,0.9,69,184,18.8,89.3,Saint Lucia,0.5,Caribbean,301,50.8,10566,1.4,0,102.1,
811,102.7,389,70.1,18.9,335,36.5,XCD,E. Caribbean Dollar,VC,69.5,19.9,0.8,108.7,10.5,Kingstown,NA,69.2,80,37,74.9,29.8,17.8,112.7,14.6,2.2,65,111,52.6,105.9,Saint Vincent And The Grenadines,0.3,Caribbean,284.5,22.4,7361.3,1.9,NA,114.1,
3458,101,163820,68.3,7.5,1711,5.4,SRD,Surinam Dollar,SR,69.1,23.5,0.9,88.6,7.4,Paramaribo,1.9,98.3,278,1461,74.8,NA,NA,108.7,17.5,2.6,88,587,66.1,67.1,Suriname,1,South America,3.8,48.9,6003.7,2.4,0.4,109,
23808,97.5,5127,70.7,2.8,1951,30.6,TTD,Tt Dollar,TT,70.5,26.6,0.2,NA,2.9,Port Of Spain,18,45.7,375,12336,76,NA,NA,104.4,22,-0.2,126,1400,53.2,NA,Trinidad And Tobago,0.4,Caribbean,272.8,77.3,17130.3,1.7,43,108,
20580223,97.9,9833517,76.3,3.9,2567490,5,USD,Us Dollar,US,79,19.7,0.9,98.7,1.3,"Washington, D.C.",4761.3,33.9,79746,1644280,81.3,102,75,101.4,5.8,2.9,1655,331003,82.5,99.2,United States,0.6,Northern America,36.2,87.3,62917.9,1.8,1043.2,102.2,
59597,93.5,173626,73.9,8.8,8226,12.1,UYU,Peso Uruguayo,UY,73.4,18.7,0.5,126.6,7.9,Montevideo,5.9,10.5,3469,7886,81.3,58,34.5,107.6,8.7,1.6,116,3474,95.4,114.1,Uruguay,0.4,South America,19.8,74.8,17278.1,2,21.5,109.3,
20514,105.4,652864,62.8,11.2,8370,6.7,AFN,Afghani,AF,39.4,18.3,4,40,42.4,Kabul,NA,2.1,NA,1038,65.8,4.9,14.2,82.9,51.7,-1.7,40,38928,25.8,70.1,Afghanistan,2.5,Southern Asia,59.6,13.5,551.9,4.6,2826.4,124.2,
37876,183.1,771,76.2,0.8,18680,0.5,BHD,Bahraini Dinar,BH,64,35.1,2.1,101.7,1,Manama,29.8,0.8,12045,14355,78.2,67.8,37,98.8,6,2.5,47,1702,89.4,95.8,Bahrain,4.3,Western Asia,2238.9,98.6,24133.5,2,0.3,100,
2923,110.7,23200,64.6,10.3,1344,NA,DJF,Djibouti Franc,DJ,54.3,13.3,1.8,52.9,32.4,Djibouti,NA,0.2,63,143,68.7,4.6,6,75.1,33.4,5.6,110,988,77.9,51.2,Djibouti,1.6,Eastern Africa,42.6,55.7,3048.6,2.8,30.1,75.4,
249751,102.1,1002000,69.5,10.1,78658,2.6,EGP,Egyptian Pound,EG,48.6,28.2,2.1,87.3,23.3,Cairo,209.2,0.1,11196,30633,74.1,35.8,34.6,106.5,15.6,5.3,172,102334,42.7,88.5,Egypt,2,Northern Africa,102.8,46.9,2537.5,3.3,319.5,106.1,
212272,102.5,435052,68.3,12.8,31372,10.1,IQD,Iraqi Dinar,IQ,59.9,22.4,3.4,46,17.8,Baghdad,139.9,1.9,892,4658,72.4,12,20.1,99.1,24.1,-1,80,40222,70.7,61.4,Iraq,2.5,Western Asia,92.6,75,5523.1,3.7,2132.4,117.8,
42231,102.6,89318,72.7,14.6,19669,1.4,JOD,Jordanian Dinar,JO,72.6,24.4,5.8,64.2,3,Amman,25.6,1.1,4150,8146,76.1,37.4,31.5,80.7,14.6,1.9,121,10203,91.2,62.1,Jordan,1.9,Western Asia,114.9,66.8,4237.8,2.8,756.1,82.2,
141698,157.9,17818,74.6,2.3,40063,1.8,KWD,Kuwaiti Dinar,KW,73.7,24.4,5.4,101,2,Kuwait City,89.4,0.4,8508,81282,76.4,76.1,35.8,97.2,7.1,1.2,57,4271,100,94.9,Kuwait,2.1,Western Asia,239.7,99.6,34248.8,2.1,93.7,88.1,
56409,101.4,10452,77,6.3,18472,2.5,LBP,Lebanese Pound,LB,64.3,22.3,6.2,NA,13.4,Beirut,26.9,13.4,1964,3154,80.8,NA,NA,NA,9.4,0.2,109,6825,88.8,NA,Lebanon,0.9,Western Asia,667.2,78.2,8223.7,2.1,949.6,NA,
34377,101.9,1676198,69.9,18.6,2450,NA,LYD,Libyan Dinar,LY,59.5,21.7,0.5,106,18.8,Tripoli,41.5,0.1,34,489,75.7,NA,NA,106.6,10.5,17.9,75,6871,80.4,90.2,Libya,1.4,Northern Africa,3.9,21.8,5147.3,2.2,321.4,111.3,
117921,98.5,446550,75.1,9,51075,1.4,MAD,Moroccan Dirham,MA,44,21.8,2.4,76.6,34.1,Rabat,58.1,12.6,12289,29328,77.5,35.7,36.2,111.5,19.9,3.7,238,36911,63,83.7,Morocco,1.3,Northern Africa,82.7,64.8,3272.9,2.4,9.1,116.1,
92111,194.1,309500,75.8,2.6,23383,0.3,OMR,Rial Omani,OM,62.7,32.8,8,102.5,4.4,Muscat,65.5,0,2301,38723,80,55.6,26.4,108.6,7.3,2.1,112,5107,85.4,111,Oman,3.6,Western Asia,16.5,80.2,19072.8,2.9,0.6,98.6,
282346,106,796095,66.1,4.4,50047,3.9,PKR,Pakistan Rupee,PK,38.3,25.8,2.7,39.1,35.9,Islamabad,183.4,1.9,966,23759,68,8.3,9.6,86.1,61.3,5.4,155,220892,36.9,45.9,Pakistan,2,Southern Asia,286.5,15.5,1330.4,3.6,1518.4,102,
191362,302.4,11607,78.9,0.1,29178,0.4,QAR,Qatari Rial,QA,44.5,54.4,6.7,102.7,1.2,Doha,80.1,0,1819,72935,81.8,54.9,7,104.4,6.3,1.5,50,2881,99.2,108.3,Qatar,2.3,Western Asia,248.2,99.7,68793.7,1.9,1.5,103.3,
782483,137.1,2206714,73.7,5.9,136472,1.3,SAR,Saudi Riyal,SA,72.9,24.8,3.1,106.8,2.3,Riyadh,532.2,0.5,15334,259208,76.5,69.9,66.3,100.3,6.3,2.2,144,34814,84.1,113.2,Saudi Arabia,1.9,Western Asia,16.2,93.3,23217.2,2.3,72.5,99.2,
1494,99.4,637657,55.3,11.4,549,NA,SOS,Somali Shilling,SO,13.4,3.5,4.8,3.7,83,Mogadishu,NA,10.1,NA,1179,58.7,NA,NA,16.6,69.3,3.1,199,15893,45.6,8.1,Somalia,2.8,Eastern Africa,25.3,2,99.6,6.1,2694.7,30.1,
50515,99.8,NA,63.1,16.6,12286,5.1,SDG,Sudanese Pound,SD,44.4,15.9,2.8,47,39.7,Khartoum,18.8,NA,836,4127,66.8,17.1,16.8,74.4,42.9,-2.3,158,43849,34.9,46.3,Sudan,2.4,Northern Africa,24.8,30.9,1208.4,4.4,2974.1,79.2,
16628,100.2,185180,65.9,8.4,980,0.9,SYP,Syrian Pound,SY,63,26.5,-3.6,52.4,10.5,Damascus,23,2.7,5070,534,77.7,42.8,37.5,80.2,15.5,2.4,147,17501,54.8,52.7,Syrian Arab Republic,-0.6,Western Asia,95.3,34.3,981.3,2.8,6386.7,83.1,
39895,98.4,163610,74.4,16.2,22453,3.1,TND,Tunisian Dinar,TN,54.8,32.5,1.6,99.3,12.7,Tunis,26.2,6.7,8299,15489,78.5,41.2,22.8,114.9,12.7,2.5,107,11819,69.3,86.9,Tunisia,1.1,Northern Africa,76.1,64.2,3449.6,2.2,2,115.9,
414179,223.8,83600,77.1,2.4,244712,0.5,AED,Uae Dirham,AE,64.4,34.2,2.4,100.4,1.4,Abu Dhabi,196.5,4.5,21286,412260,79.1,NA,NA,107.3,5.5,1.7,69,9890,86.8,109.3,United Arab Emirates,1.3,Western Asia,118.3,98.4,43005,1.4,8.7,109.4,
26672,101.5,527968,64.4,12.8,4716,6.8,YER,Yemeni Rial,YE,61.4,10,4.4,43.3,28.6,Sana'a,8.9,1,367,24,67.7,6.2,14,87.1,43.2,-1.3,313,29826,37.3,59.6,Yemen,2.4,Western Asia,56.5,26.7,935.9,3.8,3922.9,99.9,
14519,94.1,824116,60,20.6,8086,17.7,NAD,Namibia Dollar,NA,61.8,16.4,4.6,70,21.8,Windhoek,4,8.4,1499,6258,65.8,30.3,15.3,122.1,33.4,-0.1,117,2541,51,61.5,Namibia,1.9,Southern Africa,3.1,51,5930.1,3.4,4.3,126.4,
15059,103.7,28748,76.7,12.8,5908,2.3,ALL,Lek,AL,43.7,20.2,1.8,95.7,36.1,Tirana,4.3,28.2,5340,2720,80.1,67.6,43,109.1,8,4.1,142,2878,61.2,95.2,Albania,-0.1,Southern Europe,105,71.8,5223.8,1.6,4.3,105.2,
3238,102.3,468,NA,NA,1538,0,EUR,Euro,AD,NA,NA,-1.7,NA,NA,Andorra La Vella,NA,34,3042,124,NA,NA,NA,NA,NA,1.6,15,77,88,NA,Andorra,-0.2,Southern Europe,164.2,91.6,42051.6,1.2,NA,NA,
12433,88.8,29743,71.1,16.6,5053,1.7,AMD,Armenian Dram,AM,53.6,17.5,0.2,84.8,28.9,Yerevan,5.2,11.7,1652,2612,78.3,62.6,47.1,92.7,10.8,5.2,119,2963,63.2,81.7,Armenia,0.3,Western Asia,104.1,64.7,4212.1,1.8,19,92.7,
455508,97.2,83871,78.9,4.8,176596,1,EUR,Euro,AT,71.5,25,0.7,98.3,3.5,Vienna,64.9,46.9,30816,171532,83.8,92.5,78.1,103,3.2,2.4,185,9006,58.5,102.5,Austria,0.7,Western Europe,109.3,87.5,51230.3,1.5,163.7,103.2,
46939,99.8,86600,70.3,6,13649,2.2,AZN,Azerbaijan Manat,AZ,49.5,15,1.7,94.5,35.5,Baku,30.8,13.8,2633,19636,75.3,29.7,25.9,100,20.8,1.4,102,10139,56,94.4,Azerbaijan,1,Western Asia,122.7,79.8,4717.7,2.1,625.2,99.5,
59662,87.1,207600,69.3,4.6,39317,2.4,BYN,Belarusian Ruble,BY,59,30.2,0.7,101.7,10.8,Minsk,54.1,42.5,11502,32764,79.3,95.1,80.2,100.4,3,3,30,9449,79,103.1,Belarus,0,Eastern Europe,46.6,79.1,6311.7,1.7,8.6,100.6,
543026,98.3,30528,79,5.7,426489,1.7,EUR,Euro,BE,78.4,20.6,0.7,167.8,0.9,Brussels,90.4,22.6,9119,445214,83.7,90.5,69.3,104,2.8,1.5,66,11590,98,149.7,Belgium,0.5,Western Europe,382.7,88.7,47293,1.7,83.5,103.9,
19782,96,51209,74.6,18.4,11159,1.2,BAM,Convertible Mark,BA,52.6,32.3,-0.3,NA,15.1,Sarajevo,22.3,42.7,1053,6578,79.6,NA,NA,NA,6,2.6,104,3281,48.6,NA,Bosnia And Herzegovina,-0.9,Southern Europe,64.3,70.1,5951.4,1.3,151.7,NA,
66199,94.4,111002,71.3,3.8,37902,1.3,BGN,Bulgarian Lev,BG,63.7,30.1,-0.2,96.8,6.3,Sofia,42.8,35.2,9273,33638,78.5,78.8,63.7,89.1,6.3,3.1,127,6948,75.3,99.5,Bulgaria,-0.7,Eastern Europe,64,64.8,9387.8,1.6,21.2,89.6,
60991,93.1,56594,75,7.1,28004,0.6,HRK,Kuna,HR,66.8,27.5,-0.1,101.8,5.8,Zagreb,16.2,34,16645,17063,81.4,78.8,57.4,96.5,4,2.7,212,4105,57.2,97.1,Croatia,-0.6,Southern Europe,73.4,75.3,14674,1.4,8.3,96.4,
24963,99.9,9251,78.6,7.2,9219,1.3,EUR,Euro,CY,81.7,16.3,0.7,99.5,2,Nicosia,6.4,18.7,3939,3528,82.8,82.4,69.6,99.4,3.5,4.1,84,1207,66.8,101.1,Cyprus,0.8,Western Asia,130.7,84.4,28967.6,1.3,33.3,99.3,
245226,97,78868,76.5,1.9,178552,0.6,CZK,Czech Koruna,CZ,60.2,37.1,0.2,103.9,2.6,Prague,101.7,34.5,13665,198852,81.8,75.3,53.4,101,2.3,3,104,10709,73.9,103.1,Czech Republic,0.2,Eastern Europe,138.6,80.7,22992.1,1.6,5.7,100.4,
355675,98.9,42921,78.7,4.8,97196,1,DKK,Danish Krone,DK,79.6,18.3,0.6,129.8,2.1,Copenhagen,31.3,15.3,12749,109942,82.7,93.6,68.4,100.9,3.1,2.4,77,5792,88,128.4,Denmark,0.4,Northern Europe,136.5,97.3,61833.7,1.8,47.4,101.6,
30747,90,45227,74,5.4,18659,2.1,EUR,Euro,EE,67.6,29.4,-0.2,118.9,3.1,Tallinn,16,51.3,3234,16811,82.5,84.8,55.4,97.3,2,4.8,48,1326,69.1,116.2,Estonia,0.2,Northern Europe,31.3,89.4,23241.9,1.6,77,97.2,
276878,97.3,338440,78.8,6.7,73335,1.6,EUR,Euro,FI,74.5,22,0.8,161.5,3.5,Helsinki,42.6,73.1,3224,72802,84.5,95.7,81,99.9,1.7,1.7,61,5541,85.4,146.8,Finland,0.2,Northern Europe,18.2,88.9,50135.7,1.5,35,100.4,
2778892,93.8,551500,79.4,8.3,651164,1.2,EUR,Euro,FR,77.7,19.9,0.8,104.1,2.4,Paris,306.1,31,89322,569757,85.4,72.8,58.7,102.2,3,1.7,366,65274,80.7,103.5,France,0.3,Western Europe,119.2,82,41358.1,1.9,473.4,102.8,
17600,91.1,69700,69.1,14.7,9098,2.2,GEL,Lari,GE,44.5,14.2,-0.7,106.8,41.3,Tbilisi,8.7,40.6,4757,3764,77.9,68.1,60.2,99.2,9.4,4.8,126,3989,59,105.3,Georgia,-0.2,Western Asia,57.4,62.7,4396.7,2.1,287.4,98.1,
3949549,97.8,357376,78.7,3,1240700,0.9,EUR,Euro,DE,72.1,26.8,0.3,95.2,1.2,Berlin,718.8,32.7,38881,1493090,83.6,70.7,69.8,104.2,3.2,1.5,200,83784,77.4,101.4,Germany,0.5,Western Europe,240.4,89.7,47513.7,1.6,1461,103.9,
218139,96.4,131957,79.5,15.5,62198,0.9,EUR,Euro,GR,73.1,15.2,0.1,101.4,11.7,Athens,63.2,31.5,30123,37886,84.5,137,136.2,99.6,2.8,1.9,520,10423,79.4,107.5,Greece,-0.4,Southern Europe,80.9,73,20731.2,1.3,147.1,99.5,
157883,90.8,93024,73,3.5,116556,2.5,HUF,Forint,HU,62.6,32.8,0.2,103.6,4.6,Budapest,45.8,22.7,17552,121995,80.1,53.9,43.3,100.5,4.1,5.1,123,9660,71.6,103.4,Hungary,-0.2,Eastern Europe,106.7,76.1,16264,1.5,6.4,101.1,
25882,100.9,103000,81.2,3.2,6579,0.9,ISK,Iceland Krona,IS,80.1,16.1,0.6,116.9,3.8,Reykjavik,2.2,0.5,2344,5228,84.3,94.4,50.6,100.3,1.3,4.6,36,341,93.9,118.1,Iceland,0.7,Northern Europe,3.4,99,76867.3,1.8,1.2,100.4,
382674,98.6,69797,80.4,5.2,101473,0.9,EUR,Euro,IE,77,18.5,0.6,124.3,4.5,Dublin,35.7,10.9,10926,170743,83.7,82,73.7,100.7,2.7,8.2,79,4938,63.4,126.3,Ireland,1.2,Northern Europe,71.7,84.5,79414.6,1.8,14.4,101,
370588,99.1,22072,81,3.8,76579,1.5,ILS,New Israeli Sheqel,IL,82.3,16.8,1.7,106,0.9,Jerusalem,63.8,7.6,4121,58488,84.3,74.5,52.8,105.4,2.7,3.4,207,8656,92.5,104.2,Israel,1.6,Western Asia,400,83.7,44214.9,3,55.1,104.4,
2084882,94.9,302073,81,9.8,473562,0.6,EUR,Euro,IT,70.8,25.6,0.3,100.9,3.6,Rome,321.5,31.6,61567,532684,85.4,71.5,53,100.3,2.6,0.8,482,60462,70.7,101.6,Italy,-0,Southern Europe,205.6,74.4,34388.5,1.3,261.4,103.4,
179340,94.3,2724902,68.8,4.6,38357,5.1,KZT,Tenge,KZ,64.1,20.5,1.7,113.8,15.4,Nur-Sultan,255.8,1.2,4560,57723,77.4,68.4,55.4,105.3,7.7,4.1,81,18777,57.5,112.7,Kazakhstan,1.3,Central Asia,7,78.9,9789.5,2.8,8.9,103.5,
8093,97.9,199949,67.2,6.6,5906,2.2,KGS,Som,KG,54.9,24.7,1.8,95,20.4,Bishkek,8.9,3.3,6947,2517,75.4,46.7,36,107.2,15.5,3.5,43,6524,36.6,95.1,Kyrgyzstan,1.8,Central Asia,34,38,1283.8,3,0.6,107.9,
34426,85.5,64573,69.9,6.5,17768,4.4,EUR,Euro,LV,69.8,23.7,-1.2,110.2,6.5,Riga,6.7,54,1946,14447,79.8,105.1,72,99.5,3.3,4.6,40,1886,68.2,111.3,Latvia,-1.1,Northern Europe,30.3,83.6,17851.6,1.7,225.5,99.3,
53455,86.2,65286,70,6.3,35612,4.6,EUR,Euro,LT,67.4,25.9,-1.1,106,6.6,Vilnius,10.8,34.8,2825,33123,81.1,84,61.4,103.9,4,3.6,41,2722,67.9,110.6,Lithuania,-1.5,Northern Europe,43.4,79.7,19082.5,1.7,5.1,103.9,
70920,102.3,2586,79.8,5.2,23057,0.3,EUR,Euro,LU,87.5,11.5,2.6,104.8,1,Luxembourg,8.6,35.7,1018,15433,84.2,20.1,18.2,102,2.9,3.1,16,626,91.2,102.6,Luxembourg,2,Western Europe,241.7,97.1,117369.5,1.4,5.7,102.6,
14549,100.6,315,80.4,3.4,8211,1.6,EUR,Euro,MT,81,18,0.6,104.7,0.9,Valletta,1.5,1.1,2599,4143,84.1,63.2,46,105.1,5,6.6,49,442,94.7,104.8,Malta,0.4,Southern Europe,1379.8,81.7,33122.8,1.4,10.7,104.9,
7188,94.7,2,NA,NA,NA,0,EUR,Euro,MC,NA,NA,0.6,NA,NA,Monaco,NA,NA,347,NA,NA,NA,NA,NA,NA,6.1,34,39,100,NA,Monaco,0.5,Western Europe,26373.8,97.1,185835,NA,0,NA,
5507,97.8,13812,74.2,14.8,2903,2.2,EUR,Euro,ME,73,19.2,0.6,90.5,7.8,Podgorica,2.2,61.5,2077,459,79.1,64.9,47.9,97.6,2.8,5.1,113,628,67.2,89.3,Montenegro,0,Southern Europe,46.7,71.5,8771.7,1.8,13.6,102.2,
12629,100.1,25713,73.6,16.4,9470,1.2,MKD,Denar,MK,53.5,31.4,0.2,80.3,15.1,Skopje,7.4,39.6,707,7186,77.6,48.6,36.7,97.1,10.7,3.3,133,2083,58.2,82.5,"Macedonia, The Former Yugoslav Republic Of",0,Southern Europe,82.6,79.2,6062.9,1.5,17.6,97.2,
434167,102.2,386194,80.2,3.3,86145,0.5,NOK,Norwegian Krone,NO,78.9,19.1,1.7,114.2,2,Oslo,34.8,33.2,5688,104030,84.2,98.7,66.3,100.2,2.1,1.3,115,5421,82.6,119.4,Norway,0.8,Northern Europe,14.8,96.5,81335.7,1.7,59.9,100.3,
585661,94,312679,74.5,3,246654,0.7,PLN,Zloty,PL,59.1,32,-0.2,108.1,8.9,Warsaw,305.8,30.8,19622,251865,82.4,81.9,54.4,100,3.3,5.1,95,37847,60,111.7,Poland,-0.1,Eastern Europe,123.6,77.5,15444,1.4,26.5,100,
240792,89.8,92226,78.7,5.9,89929,0.8,EUR,Euro,PT,69.8,24.6,0.5,118.7,5.7,Lisbon,50.8,34.7,16186,67012,84.6,67.7,60.1,104.4,3,2.4,465,10197,65.8,121.1,Portugal,-0.3,Southern Europe,111.3,74.7,23477.7,1.3,3,107.9,
11309,91.9,33846,67.4,5.4,5842,4.1,MDL,Moldovan Leu,MD,47.5,17.1,-0.2,86.5,35.4,Chisinau,7.5,12.4,160,2779,75.9,45.7,34.2,90.6,12.4,2.8,33,4034,42.7,87.3,"Moldova, Republic Of",-0.2,Eastern Europe,122.8,76.1,2791,1.3,4.2,90.6,
239552,94.6,238391,72.4,3.9,96644,1.3,RON,Romanian Leu,RO,48.6,30.1,-0.5,91.4,21.3,Bucharest,70.8,29.8,11720,77299,79.3,55.4,43.8,84.6,6.7,4,140,19238,54.1,91.1,Romania,-0.7,Eastern Europe,83.6,70.7,12280.8,1.6,4.8,85.7,
1660514,86.4,17098246,66.8,4.4,247161,8.2,RUB,Russian Ruble,RU,67.8,26.6,0.2,102.1,5.6,Moscow,1536.9,49.8,24551,426720,77.5,89.1,75,102.3,5.8,2.3,279,145934,74.6,104.7,Russian Federation,0.1,Eastern Europe,8.9,80.9,11394.1,1.8,135.5,102.8,
1638,94.9,61,81.7,6.6,NA,0,EUR,Euro,SM,65.4,34.3,1.4,63.8,0.3,San Marino,NA,0,84,NA,86.4,36,48.6,116.9,NA,1.1,2,34,97.4,71.5,San Marino,0.5,Southern Europe,563.5,60.2,48472.7,NA,NA,100.4,
50597,96,88499,73.2,12.7,26730,1.2,RSD,Serbian Dinar,RS,57.6,27.4,-0.1,95.6,15.1,Belgrade,46.1,31.1,1711,19630,78.4,78.3,56.7,100.3,4.9,4.4,86,8737,56.3,94.6,Serbia,-0.3,Southern Europe,99.9,73.4,7208.8,1.5,250.7,100.3,
105956,94.9,49035,73.7,5.1,90979,1.1,EUR,Euro,SK,61.8,36.1,-0.2,91.6,2.1,Bratislava,32.2,40.3,2256,90050,80.8,56.6,37.1,98.4,4.8,4,116,5460,53.7,90.5,Slovakia,0.1,Eastern Europe,113.5,80.7,19430.8,1.5,2.5,99,
54034,99.2,20273,78.2,3.8,38179,0.5,EUR,Euro,SI,61.5,33.5,0.7,117.1,5.1,Ljubljana,13.4,62,4425,37557,83.8,93,64.9,100.6,1.9,4.1,175,2079,54.8,114.2,Slovenia,0.1,Southern Europe,103.2,79.8,26005.1,1.6,1.2,100.2,
1419735,96.6,505944,80.6,13,375485,0.6,EUR,Euro,ES,75.8,20.2,0.1,126.9,4,Madrid,253.4,36.9,82773,337215,86,97,81.1,103.6,2.3,2.4,752,46755,80.6,125.2,Spain,0,Southern Europe,93.7,86.1,30405.8,1.3,149.1,101.9,
556086,100.4,438574,80.8,6.7,158710,1.1,SEK,Swedish Krona,SE,80.7,17.7,1.1,157.9,1.6,Stockholm,37.6,68.9,7440,160538,84.4,82.1,52.7,127.4,2,2.2,98,10099,87.7,148.1,Sweden,0.7,Northern Europe,24.6,92.1,55766.8,1.8,310.4,125.8,
705141,98.5,41291,81.6,4.8,276292,0.6,CHF,Swiss Franc,CH,77.2,20,1.2,100.2,2.9,Bern,37.1,31.7,10362,313630,85.4,60.3,58.8,104.8,3.4,2.8,128,8655,73.8,104.7,Switzerland,0.8,Western Europe,219,89.7,82708.5,1.5,120.1,105.5,
7523,101.6,142600,68.6,11,2773,1.6,TJS,Somoni,TJ,39.9,16,2.4,83.8,44.2,Dushanbe,5.8,3,1035,2065,73,26.9,35.5,100.3,29.3,7.1,48,9538,27.3,93,Tajikistan,2.4,Central Asia,68.1,22,826.6,3.6,11.3,101.4,
40749,97,488100,64.5,4.1,2764,4.2,TMT,Turkmen. Manat,TM,37.9,42.6,2.5,84,19.5,Ashgabat,69,8.8,8,3962,71.5,6.2,9.7,87.5,43.3,6.2,59,6031,52,87.6,Turkmenistan,1.6,Central Asia,12.8,21.3,6964.6,2.8,5.2,89.2,
130832,86.3,603500,66.8,8.9,60783,6.2,UAH,Hryvnia,UA,61.1,24.8,-0.4,95,14.1,Kyiv,171.3,16.7,14104,50060,76.6,88.8,76.8,100.1,7.2,3.3,132,43734,69.5,96.9,Ukraine,-0.5,Eastern Europe,75.5,62.6,2956.9,1.4,1540.4,98,
2855297,97.7,242495,79.4,4.1,692580,1.2,GBP,Pound Sterling,GB,81.3,17.7,1,127.7,1,London,358.7,13,36316,468160,82.9,69.4,51,101,3.8,1.4,176,67886,83.7,124.1,United Kingdom,0.6,Northern Europe,280.6,94.9,42526.4,1.8,176.7,101.3,
50500,99.6,448969,69.4,6.1,21867,1.1,UZS,Uzbekistan Sum,UZ,46.8,29.9,1.5,92.7,23.3,Tashkent,81.2,7.6,5346,14930,73.6,8.2,11.8,103.4,20.8,5.1,62,33469,50.4,93.9,Uzbekistan,1.6,Central Asia,78.7,55.2,1555,2.4,95.9,105,
269628,102.2,147570,70.5,4.2,66060,2.4,BDT,Taka,BD,40.6,21.6,3.5,78.3,37.7,Dhaka,78.3,11,1026,34186,74.1,17,24,120.8,26.8,7.9,165,164689,37.4,67.4,Bangladesh,1.1,Southern Asia,1265.2,15,1670.8,2.1,911.8,112.4,
2658,113.4,38394,71,2.4,1049,1.2,BTN,Ngultrum,BT,34.3,11.1,3.7,95.7,54.6,Thimphu,NA,72.2,274,659,71.6,15.5,15.6,100.2,24.1,5.8,101,772,41.6,84.7,Bhutan,1.2,Southern Asia,20.2,48.1,3523.8,2,NA,100.1,
17487,95.7,120538,68.3,2.8,3273,NA,KPW,North Korean Won,KP,35.7,13.2,0.8,93.3,51.1,Pyongyang,19.6,41.8,NA,1080,75.4,18.2,35.5,112.8,13.9,-4.1,88,25779,62.1,92.3,"Korea, Democratic People's Republic Of",0.5,Eastern Asia,214.1,0,687.9,1.9,NA,112.8,
2779352,108.2,3287263,68.1,5.4,478884,3.1,INR,Indian Rupee,IN,32.3,26.2,2.4,76.6,41.5,New Delhi,2161.6,23.8,17423,323251,70.5,29.1,27.2,121.1,32,6.8,1118,1380004,34.5,73.9,India,1,Southern Asia,464.1,34.4,2054.8,2.2,206.6,105.6,
1042173,101.4,1910931,69.3,4.8,170727,0.4,IDR,Rupiah,ID,49.6,22.7,2.6,90,27.7,Jakarta,496.4,48.5,15810,167003,73.6,39,33.8,104.6,18.9,5.2,1654,273524,56,87.8,Indonesia,1.1,South-Eastern Asia,151,39.9,3893.5,2.3,14,108.1,
5327,173.5,300,77.1,6.4,2883,0.7,MVR,Rufiyaa,MV,73.4,18.3,3.9,NA,8.2,Male,NA,3.3,1484,163,80.4,59.8,16.6,98.1,6.8,6.9,80,540,40.2,NA,Maldives,3.4,Southern Asia,1801.8,63.2,10330.6,1.9,NA,96.2,
72745,93,676577,63.7,1.7,18578,2.3,MMK,Kyat,MM,35.6,16.3,1.5,71.3,48.1,Nay Pyi Taw,30.4,44.5,3551,17997,69.8,22,15.6,109.7,38.4,6.2,357,54410,30.9,65.6,Myanmar,0.6,South-Eastern Asia,83.3,30.7,1354.4,2.2,883.5,114.8,
27830,84.5,147181,68.8,1.5,4737,2.3,NPR,Nepalese Rupee,NP,20.2,15.3,3.2,83,64.5,Kathmandu,10.1,25.4,1173,588,71.7,12.8,12,143.5,27.9,6.7,109,29137,20.2,77.4,Nepal,1.5,Southern Asia,203.3,34,990.6,1.9,19.3,140.8,
88942,92.1,65610,73.3,4.2,17992,2.4,LKR,Sri Lanka Rupee,LK,45.9,30.4,0.5,102.6,23.7,Colombo,23.1,33,2334,12589,80,23.4,15.8,99.6,7.6,3.2,641,21413,18.6,98,Sri Lanka,0.5,Southern Asia,341.5,34.1,4189.7,2.2,37.6,100.7,
504992,94.8,513120,73.1,0.8,216805,2.6,THB,Baht,TH,46.3,22.5,2.1,116.5,31.2,Bangkok,244.3,32.1,38178,233674,80.6,57.8,41,99.8,7.8,4.1,674,69800,50.7,118.9,Thailand,0.3,South-Eastern Asia,136.6,56.8,7273.6,1.5,576.9,99.8,
2581,102.2,14919,67.2,4.6,536,4.1,USD,Us Dollar,TL,46.4,9.8,3.5,87,43.7,Dili,NA,46.1,75,154,71.3,14.8,20.6,113.2,37.3,2.8,41,1318,30.9,80.3,Timor-Leste,1.9,South-Eastern Asia,88.7,27.5,2035.5,4.1,0,117.3,
1453871,99.2,7692060,81.2,5.3,221481,0.9,AUD,Australian Dollar,AU,77.7,19.8,1.6,141.2,2.5,Canberra,384.6,16.2,9246,266377,85.2,133.3,93.8,100.3,3.1,2,1308,25500,86.1,159,Australia,1.3,Oceania,3.3,86.5,58392.7,1.8,129.2,100.3,
13567,107.8,5765,74.5,9,5103,0.5,BND,Brunei Dollar,BN,82.8,15.8,1.9,94.6,1.3,Bandar Seri Begawan,6.7,72.1,278,7039,76.9,38.7,24.8,103.6,7.9,0.1,275,438,77.9,92.4,Brunei Darussalam,1.1,South-Eastern Asia,83,94.9,31627.2,1.8,20.9,102.7,
24572,95.4,181035,67.2,0.7,21413,1.8,KHR,Riel,KH,39.2,29.6,3.4,41.6,31.2,Phnom Penh,10.8,53.6,6201,14276,71.5,12.9,14.4,106.1,23.7,7.5,280,16719,23.8,48.7,Cambodia,1.5,South-Eastern Asia,94.7,40,1512.1,2.5,57.4,108.7,
13608152,105.3,9600000,74.5,4.4,2070150,0.5,CNY,Yuan Renminbi,CN,47.1,28.2,2.9,88,24.7,Beijing,9257.9,22.1,62900,2491820,79,55.9,45.9,100.8,9.9,6.6,1172,1439324,60.3,88.3,China,0.5,Eastern Asia,153.3,54.3,9531.9,1.7,322.4,99.7,
363,97.4,236,71.7,8.2,123,3.5,NZD,New Zealand Dollar,CK,84,11.7,-0.9,88.6,4.3,Avarua,NA,62.9,169,6,79.6,42.7,35.8,107.5,3.6,5.7,77,18,75.3,84.8,Cook Islands,0.1,Polynesia,73,NA,20705.2,2.6,NA,109.5,
5537,102.6,18272,65.6,4.1,2650,2.3,FJD,Fiji Dollar,FJ,51,13.3,1.7,94.3,35.7,Suva,NA,55.7,870,1137,69.1,17.6,14.7,105.2,20.3,3.5,321,896,56.8,85.7,Fiji,0.6,Melanesia,49.1,50,6267,2.8,0,107.6,
4971323,95.4,377930,81.3,2.3,720895,0.3,JPY,Yen,JP,72.6,24.1,0,NA,3.4,Tokyo,1132.4,68.5,31192,705640,87.5,NA,NA,NA,1.8,0.8,470,126476,91.7,NA,Japan,-0.2,Eastern Asia,346.9,91.3,39082.1,1.4,31.5,NA,
189,96.8,726,63.9,30.6,554,7.5,AUD,Australian Dollar,KI,61.8,16.1,3.5,91.4,22.1,Bairiki,NA,15,7,10,72,NA,NA,104.9,43,2.3,108,119,54.8,82.7,Kiribati,1.5,Micronesia,147.5,14.6,1627.4,3.6,NA,97.9,
17954,100.8,236800,65.7,0.6,5797,NA,LAK,Lao Kip,LA,26.2,12.2,3.2,65,61.7,Vientiane,NA,81.3,3770,5809,69.2,15.5,14.4,100.4,38.8,6.2,250,7276,35.6,69.6,Lao People's Democratic Republic,1.5,South-Eastern Asia,31.5,25.5,2542.5,2.7,0,104.3,
358579,105.7,330323,74,3.4,204906,2.1,MYR,Malaysian Ringgit,MY,63.1,26.8,2.7,85.4,10.1,Kuala Lumpur,211,67.6,25832,238089,78.1,49.9,40.7,106,5.9,4.7,1662,32366,76.6,78.8,Malaysia,1.3,South-Eastern Asia,98.5,81.2,11373.3,2,266.5,104.6,
214,104.5,181,71.3,4.7,71,NA,USD,Us Dollar,MH,79.6,9.4,0.8,66.6,11,Majuro,NA,70.2,7,34,72.5,23.8,23.5,84.6,25.4,2.6,104,53,77.4,62.4,Marshall Islands,0.1,Micronesia,295.8,38.7,3666.9,4.1,NA,84.9,
13010,97.1,1564116,65.5,6,6039,6.2,MNT,Tugrik,MN,53.6,19.5,2.1,94.8,26.9,Ulaanbaatar,19.3,8.1,529,7433,73.8,76.7,54.7,102.8,18.1,6.7,43,3278,68.5,88.3,Mongolia,1.8,Eastern Asia,2.1,47.2,4103.7,2.9,0.1,105.3,
127,101.9,21,57.8,23,NA,NA,AUD,Australian Dollar,NR,NA,NA,2.3,83.6,NA,Yaren,NA,0,NA,NA,64.8,NA,NA,123.2,18,-4,86,11,100,81.9,Nauru,-0.1,Micronesia,561.4,57,11875.9,3.9,1.2,129.7,
207921,96.7,268107,80.3,4,42271,0.7,NZD,New Zealand Dollar,NZ,75.1,19.4,1.1,118.2,5.6,Wellington,32.2,38.6,3686,39540,83.8,97.2,67.9,100.2,3.8,2.8,261,4822,86.6,111.1,New Zealand,0.9,Oceania,18.3,90.8,43836.2,1.9,2.6,99.8,
NA,100,260,70.1,NA,NA,NA,NZD,New Zealand Dollar,NU,NA,NA,1.9,109.4,NA,Alofi,NA,69.6,10,NA,76.3,NA,NA,126.9,8.1,NA,56,2,45.5,89.5,Niue,0.1,Polynesia,6.3,79.6,NA,2.6,NA,127.5,
284,113.3,459,68.1,4.2,169,11.2,USD,Us Dollar,PW,85.9,11.8,1.7,122.9,2.4,Melekeok,NA,87.6,106,8,77.8,66.4,43.9,105.2,13.3,1.7,189,22,80.5,110.8,Palau,1.1,Micronesia,48.8,NA,15859.4,2.2,0,119.6,
23077,104.3,462840,62.9,2.5,3130,9.8,PGK,Kina,PG,35.5,6.7,2.2,39.9,57.8,Port Moresby,NA,74.1,140,11798,65.4,NA,NA,103.6,41.9,0,585,8947,13.2,54.7,Papua New Guinea,2,Melanesia,19.8,11.2,2681.4,3.6,9.9,113.2,
330910,100.9,300000,67.1,2.2,117247,6.5,PHP,Philippine Piso,PH,57.6,19.8,2.1,90.6,22.5,Manila,126.5,27,7168,70927,75.3,40.4,30.8,105.5,19.7,6.2,884,109581,47.1,82,Philippines,1.4,South-Eastern Asia,367.5,60.1,3102.7,2.6,226.8,109.4,
17487,95.7,120538,68.3,2.8,3273,NA,KPW,North Korean Won,KP,35.7,13.2,0.8,93.3,51.1,Pyongyang,19.6,41.8,NA,1080,75.4,18.2,35.5,112.8,13.9,-4.1,88,25779,62.1,92.3,"Korea, Democratic People's Republic Of",0.5,Eastern Asia,214.1,0,687.9,1.9,NA,112.8,
833,107.3,2842,71.1,8.4,390,3.1,WST,Tala,WS,46.9,23.3,-0.4,98,29.9,Apia,NA,60.4,164,32,75.2,NA,NA,110.4,13.4,0.7,100,198,18.1,88.8,Samoa,0.5,Polynesia,70.1,33.6,4249.6,3.9,0,110.6,
361115,109.8,719,81.2,4.4,358975,0.2,SGD,Singapore Dollar,SG,84.1,15.2,1.7,107,0.7,Singapore,47.4,23.1,14673,390332,85.5,91.2,78.9,100.6,1.6,3.2,326,5850,100,108.1,Singapore,0.9,South-Eastern Asia,8357.6,88.2,62720.9,1.2,1.3,100.7,
1271,103.4,28896,71.1,0.5,348,3.8,SBD,Solomon Is. Dollar,SB,53.4,9.6,4.3,47,37.1,Honiara,NA,78.1,28,611,74.6,NA,NA,106,15.5,3.9,256,687,24.2,49.5,Solomon Islands,2.6,Melanesia,24.5,11.9,1946.9,4.4,0,106.4,
504,100.2,747,68.8,1.2,311,1,TOP,Pa'anga,TO,47.1,29.2,0.3,102.4,23.7,Nuku'alofa,NA,12.5,54,15,72.7,NA,NA,116,12.5,-0.4,90,106,23.1,99.4,Tonga,1,Polynesia,146.8,41.2,4885.8,3.6,0,116.7,
46,102,26,67.4,6.5,12,18.6,AUD,Australian Dollar,TV,NA,NA,2.6,71.2,NA,Funafuti,NA,33.3,3,0,71.9,NA,NA,82.5,10.3,7,99,12,63.2,62.5,Tuvalu,0.9,Polynesia,383.3,49.3,4000.6,3.6,NA,89.4,
889,102.8,12189,68.8,4.4,289,NA,VUV,Vatu,VU,38.4,6.3,2.7,54.9,55.3,Port Vila,NA,36.1,116,51,71.9,NA,NA,107.8,22.4,3.2,144,307,25.4,53.5,Vanuatu,2.5,Melanesia,25.2,25.7,3037.2,3.8,0,110.7,
244901,99.7,330967,71.2,2,253442,1.5,VND,Dong,VN,35.4,28.4,3.2,NA,36.2,Hanoi,191.2,47.6,15498,264610,79.4,31.7,25.5,111.9,16.7,7.1,738,97339,36.6,NA,Viet Nam,1,South-Eastern Asia,313.9,70.3,2563.2,2.1,34.1,109.5,
